CODIGO_OACI;CIAD;NOME;MUNICÍPIO ATENDIDO;UF;LATITUDE;LONGITUDE;ALTITUDE
SBAA;PA0008;CONCEIÇÃO DO ARAGUAIA;CONCEIÇÃO DO ARAGUAIA;PA;8° 20' 55'' S;49° 18' 11'' W;199 m
SBAE;SP0010;BAURU/AREALVA;BAURU;SP;22° 9' 28'' S;49° 4' 6'' W;598 m
SBAQ;SP0012;BARTOLOMEU DE GUSMÃO;ARARAQUARA;SP;21° 48' 16'' S;48° 8' 25'' W;711 m
SBAR;SE0001;SANTA MARIA;ARACAJU;SE;10° 59' 7'' S;37° 4' 24'' W;7 m
SBAT;MT0003;PILOTO OSVALDO MARQUES DIAS;ALTA FLORESTA;MT;9° 51' 59'' S;56° 6' 18'' W;289 m
SBAU;SP0009;ARAÇATUBA;ARAÇATUBA;SP;21° 8' 39'' S;50° 25' 35'' W;414 m
SBAX;MG0008;ROMEU ZEMA;ARAXÁ;MG;19° 33' 38'' S;46° 57' 56'' W;999 m
SBBE;PA0001;INTERNACIONAL DE BELÉM/VAL DE CANS/JÚLIO CEZAR RIBEIRO;BELÉM;PA;1° 23' 5'' S;48° 28' 44'' W;17 m
SBBG;RS0010;COMANDANTE GUSTAVO KRAEMER;BAGÉ;RS;31° 23' 27'' S;54° 6' 35'' W;186 m
SBBH;MG0003;PAMPULHA - CARLOS DRUMMOND DE ANDRADE;BELO HORIZONTE;MG;19° 51' 7'' S;43° 57' 2'' W;789 m
SBBI;PR0006;BACACHERI;CURITIBA;PR;25° 24' 12'' S;49° 14' 1'' W;932 m
SBBP;SP0036;ESTADUAL ARTHUR SIQUEIRA;BRAGANÇA PAULISTA;SP;22° 58' 45'' S;46° 32' 15'' W;893 m
SBBR;DF0001;PRESIDENTE JUSCELINO KUBITSCHEK;BRASÍLIA;DF;15° 52' 16'' S;47° 55' 7'' W;1066 m
SBBU;SP0017;BAURU;BAURU;SP;22° 20' 37'' S;49° 3' 14'' W;617 m
SBBV;RR0001;ATLAS BRASIL CANTANHEDE;BOA VISTA;RR;2° 50' 29'' N;60° 41' 32'' W;84 m
SBBW;MT0008;BARRA DO GARÇAS;BARRA DO GARÇAS;MT;15° 51' 39'' S;52° 23' 22'' W;350 m
SBCA;PR0005;CORONEL ADALBERTO MENDES DA SILVA;CASCAVEL;PR;25° 0' 8'' S;53° 30' 7'' W;759 m
SBCB;RJ0003;CABO FRIO;CABO FRIO;RJ;22° 55' 15'' S;42° 4' 17'' W;7 m
SBCD;SC0006;CARLOS ALBERTO DA COSTA NEVES;CAÇADOR;SC;26° 47' 23'' S;50° 56' 23'' W;1029 m
SBCF;MG0001;TANCREDO NEVES;CONFINS;MG;19° 37' 28'' S;43° 58' 19'' W;829 m
SBCG;MS0001;CAMPO GRANDE;CAMPO GRANDE;MS;20° 28' 10'' S;54° 40' 13'' W;559 m
SBCH;SC0003;SERAFIN ENOSS BERTASO;CHAPECÓ;SC;27° 8' 2'' S;52° 39' 43'' W;654 m
SBCI;MA0003;BRIGADEIRO LYSIAS AUGUSTO RODRIGUES;CAROLINA;MA;7° 19' 14'' S;47° 27' 31'' W;172 m
SBCJ;PA0006;CARAJÁS;PARAUAPEBAS;PA;6° 6' 55'' S;50° 0' 5'' W;629 m
SSIM;SC0009;FORQUILHINHA/CRICIÚMA (SBCM*);FORQUILHINHA;SC;28° 43' 28'' S;49° 25' 17'' W;28 m
SBCN;GO0003;NELSON RODRIGUES GUIMARÃES;CALDAS NOVAS;GO;17° 43' 29'' S;48° 36' 36'' W;685 m
SBCP;RJ0006;BARTOLOMEU LISANDRO;CAMPOS DOS GOYTACAZES;RJ;21° 42' 4'' S;41° 18' 28'' W;17 m
SBCR;MS0009;CORUMBÁ;CORUMBÁ;MS;19° 0' 43'' S;57° 40' 17'' W;141 m
SBCT;PR0001;AFONSO PENA;CURITIBA;PR;25° 31' 54'' S;49° 10' 34'' W;911 m
SBCX;RS0007;HUGO CANTERGIANI;CAXIAS DO SUL;RS;29° 11' 44'' S;51° 11' 23'' W;754 m
SBCY;MT0001;MARECHAL RONDON;VÁRZEA GRANDE;MT;15° 39' 0'' S;56° 7' 3'' W;188 m
SSCL;MS0018;CASSILÂNDIA;CASSILÂNDIA;MS;19° 8' 49'' S;51° 40' 35'' W;481 m
SBDB;MS0004;BONITO;BONITO;MS;21° 14' 50'' S;56° 27' 9'' W;334 m
SBDN;SP0005;PRESIDENTE PRUDENTE;PRESIDENTE PRUDENTE;SP;22° 10' 42'' S;51° 25' 8'' W;452 m
SBDO;MS0008;DOURADOS;DOURADOS;MS;22° 12' 2'' S;54° 55' 32'' W;458 m
SBEG;AM0001;EDUARDO GOMES;MANAUS;AM;3° 2' 28'' S;60° 3' 2'' W;80 m
SBEK;PA0011;JACAREACANGA;JACAREACANGA;PA;6° 14' 7'' S;57° 46' 33'' W;90 m
SBFI;PR0002;CATARATAS;FOZ DO IGUAÇU;PR;25° 36' 1'' S;54° 29' 6'' W;240 m
SBFL;SC0001;HERCÍLIO LUZ;FLORIANÓPOLIS;SC;27° 40' 13'' S;48° 33' 9'' W;5 m
SBFN;PE0003;FERNANDO DE NORONHA;FERNANDO DE NORONHA;PE;3° 51' 17'' S;32° 25' 42'' W;58 m
SBFZ;CE0001;PINTO MARTINS;FORTALEZA;CE;3° 46' 33'' S;38° 31' 56'' W;25 m
SBGL;RJ0001;RIO DE JANEIRO/GALEÃO – ANTÔNIO CARLOS JOBIM;RIO DE JANEIRO;RJ;22° 48' 36'' S;43° 15' 2'' W;9 m
SBGM;RO0006;GUAJARÁ-MIRIM;GUAJARÁ-MIRIM;RO;10° 47' 18'' S;65° 16' 54'' W;146 m
SBGO;GO0001;SANTA GENOVEVA/GOIÂNIA;GOIÂNIA;GO;16° 37' 57'' S;49° 13' 16'' W;747 m
SBGR;SP0002;GUARULHOS - GOVERNADOR ANDRÉ FRANCO MONTORO;GUARULHOS;SP;23° 26' 8'' S;46° 28' 23'' W;750 m
SSGG;PR0009;AEROPORTO REGIONAL DE GUARAPUAVA - TANCREDO THOMÁS DE FARIA;GUARAPUAVA;PR;25° 23' 18'' S;51° 31' 25'' W;1065 m
SBGV;MG0032;CORONEL ALTINO MACHADO;GOVERNADOR VALADARES;MG;18° 53' 49'' S;41° 59' 10'' W;171 m
SBGW;SP0076;GUARATINGUETÁ;GUARATINGUETÁ;SP;22° 47' 30'' S;45° 12' 16'' W;537 m
SBHT;PA0003;ALTAMIRA;ALTAMIRA;PA;3° 15' 3'' S;52° 15' 8'' W;112 m
SBIC;AM0012;ITACOATIARA;ITACOATIARA;AM;3° 7' 35'' S;58° 28' 54'' W;43 m
SBIH;PA0010;ITAITUBA;ITAITUBA;PA;4° 14' 32'' S;56° 0' 3'' W;33 m
SBIL;BA0004;BAHIA - JORGE AMADO;ILHÉUS;BA;14° 48' 54'' S;39° 2' 0'' W;4 m
SBIP;MG0007;USIMINAS;SANTANA DO PARAÍSO;MG;19° 28' 14'' S;42° 29' 17'' W;239 m
SBIZ;MA0002;PREFEITO RENATO MOREIRA;IMPERATRIZ;MA;5° 31' 50'' S;47° 27' 30'' W;131 m
SBJD;SP0031;COMANDANTE ROLIM ADOLFO AMARO;JUNDIAÍ;SP;23° 10' 54'' S;46° 56' 37'' W;753 m
SBJF;MG0016;FRANCISCO DE ASSIS;JUIZ DE FORA;MG;21° 47' 35'' S;43° 23' 8'' W;911 m
SBJI;RO0005;JI-PARANÁ;JI-PARANÁ;RO;10° 52' 14'' S;61° 50' 48'' W;182 m
SBJP;PB0001;PRESIDENTE CASTRO PINTO;JOÃO PESSOA;PB;7° 8' 54'' S;34° 57' 1'' W;66 m
SBJR;RJ0005;JACAREPAGUÁ - ROBERTO MARINHO;RIO DE JANEIRO;RJ;22° 59' 15'' S;43° 22' 12'' W;3 m
SBJU;CE0002;ORLANDO BEZERRA DE MENEZES;JUAZEIRO DO NORTE;CE;7° 13' 9'' S;39° 16' 10'' W;409 m
SBJV;SC0004;LAURO CARNEIRO DE LOYOLA;JOINVILLE;SC;26° 13' 23'' S;48° 47' 52'' W;5 m
SBKG;PB0003;PRESIDENTE JOÃO SUASSUNA;CAMPINA GRANDE;PB;7° 16' 9'' S;35° 53' 42'' W;502 m
SBKP;SP0003;VIRACOPOS;CAMPINAS;SP;23° 0' 25'' S;47° 8' 4'' W;661 m
SBLE;BA0006;HORÁCIO DE MATTOS;LENÇÓIS;BA;12° 28' 56'' S;41° 16' 37'' W;506 m
SBLJ;SC0007;LAGES;LAGES;SC;27° 46' 56'' S;50° 16' 54'' W;934 m
SBLO;PR0003;GOVERNADOR JOSÉ RICHA;LONDRINA;PR;23° 19' 49'' S;51° 8' 12'' W;569 m
SBLP;BA0037;BOM JESUS DA LAPA;BOM JESUS DA LAPA;BA;13° 15' 41'' S;43° 24' 27'' W;443 m
SBMA;PA0004;JOÃO CORREA DA ROCHA;MARABÁ;PA;5° 22' 5'' S;49° 8' 17'' W;109 m
SBMD;PA0009;MONTE DOURADO;ALMEIRIM;PA;0° 53' 23'' S;52° 36' 8'' W;206 m
SBME;RJ0004;MACAÉ;MACAÉ;RJ;22° 20' 34'' S;41° 45' 50'' W;2 m
SBMG;PR0004;SÍLVIO NAME JÚNIOR;MARINGÁ;PR;23° 28' 46'' S;52° 0' 44'' W;549 m
SBMK;MG0004;MÁRIO RIBEIRO;MONTES CLAROS;MG;16° 42' 22'' S;43° 49' 19'' W;668 m
SBML;SP0014;FRANK MILOYE MILENKOVICH;MARÍLIA;SP;22° 11' 44'' S;49° 55' 37'' W;650 m
SBMO;AL0001;ZUMBI DOS PALMARES;MACEIÓ;AL;9° 30' 39'' S;35° 47' 30'' W;118 m
SBMQ;AP0001;ALBERTO ALCOLUMBRE;MACAPÁ;AP;0° 3' 3'' N;51° 4' 13'' W;17 m
SBMS;RN0002;DIX-SEPT ROSADO;MOSSORÓ;RN;5° 11' 45'' S;37° 21' 42'' W;23 m
SBMT;SP0007;CAMPO DE MARTE;SÃO PAULO;SP;23° 30' 24'' S;46° 38' 2'' W;722 m
SBMY;AM0015;MANICORÉ;MANICORÉ;AM;5° 49' 1'' S;61° 17' 2'' W;53 m
SBNF;SC0002;MINISTRO VICTOR KONDER;NAVEGANTES;SC;26° 52' 43'' S;48° 39' 3'' W;5 m
SBNM;RS0008;SANTO ÂNGELO;SANTO ÂNGELO;RS;28° 16' 54'' S;54° 10' 6'' W;322 m
SBOI;AP0002;OIAPOQUE;OIAPOQUE;AP;3° 51' 41'' N;51° 47' 46'' W;19 m
SBPA;RS0001;SALGADO FILHO;PORTO ALEGRE;RS;29° 59' 41'' S;51° 10' 16'' W;4 m
SBPB;PI0002;AEROPORTO INTERNACIONAL DE PARNAÍBA / PREFEITO DOUTOR JOÃO SILVA FILHO;PARNAÍBA;PI;2° 53' 38'' S;41° 43' 49'' W;5 m
SBPC;MG0018;EMBAIXADOR WALTHER MOREIRA SALLES;POÇOS DE CALDAS;MG;21° 50' 16'' S;46° 33' 58'' W;1261 m
SBPF;RS0006;LAURO KURTZ;PASSO FUNDO;RS;28° 14' 39'' S;52° 19' 42'' W;725 m
SBPJ;TO0001;BRIGADEIRO LYSIAS RODRIGUES;PALMAS;TO;10° 17' 24'' S;48° 21' 28'' W;236 m
SBPK;RS0005;JOÃO SIMÕES LOPES NETO;PELOTAS;RS;31° 42' 58'' S;52° 19' 52'' W;18 m
SBPL;PE0002;SENADOR NILO COELHO;PETROLINA;PE;9° 22' 3'' S;40° 33' 49'' W;384 m
SDPE;TO0003;PORTO NACIONAL;PORTO NACIONAL;TO;10° 43' 1'' S;48° 24' 1'' W;265 m
SBPP;MS0005;PONTA PORÃ;PONTA PORÃ;MS;22° 32' 59'' S;55° 42' 11'' W;657 m
SBPR;MG0005;CARLOS PRATES;BELO HORIZONTE;MG;19° 54' 33'' S;43° 59' 21'' W;928 m
SBPS;BA0002;PORTO SEGURO;PORTO SEGURO;BA;16° 26' 17'' S;39° 4' 40'' W;51 m
SBPV;RO0001;GOVERNADOR JORGE TEIXEIRA DE OLIVEIRA;PORTO VELHO;RO;8° 42' 49'' S;63° 54' 10'' W;88 m
SBRB;AC0001;PLÁCIDO DE CASTRO;RIO BRANCO;AC;9° 52' 6'' S;67° 53' 53'' W;193 m
SBRD;MT0004;RONDONÓPOLIS - MAESTRO MARINHO FRANCO;RONDONÓPOLIS;MT;16° 35' 17'' S;54° 43' 18'' W;447 m
SBRF;PE0001;GUARARAPES - GILBERTO FREYRE;RECIFE;PE;8° 7' 35'' S;34° 55' 22'' W;10 m
SBRJ;RJ0002;SANTOS DUMONT;RIO DE JANEIRO;RJ;22° 54' 36'' S;43° 9' 45'' W;3 m
SBRP;SP0004;LEITE LOPES;RIBEIRÃO PRETO;SP;21° 8' 11'' S;47° 46' 36'' W;550 m
SBSG;RN0001;GOVERNADOR ALUIZIO ALVES;SÃO GONÇALO DO AMARANTE;RN;5° 46' 8'' S;35° 21' 59'' W;83 m
SBSJ;SP0008;PROFESSOR URBANO ERNESTO STUMPF;SÃO JOSÉ DOS CAMPOS;SP;23° 13' 44'' S;45° 52' 16'' W;647 m
SBSL;MA0001;MARECHAL CUNHA MACHADO;SÃO LUÍS;MA;2° 35' 13'' S;44° 14' 10'' W;54 m
SBSM;RS0003;SANTA MARIA;SANTA MARIA;RS;29° 42' 39'' S;53° 41' 32'' W;88 m
SBSN;PA0002;MAESTRO WILSON FONSECA;SANTARÉM;PA;2° 25' 29'' S;54° 47' 9'' W;60 m
SBSP;SP0001;CONGONHAS;SÃO PAULO;SP;23° 37' 34'' S;46° 39' 23'' W;802 m
SBSR;SP0006;PROFESSOR ERIBERTO MANOEL REINO;SÃO JOSÉ DO RIO PRETO;SP;20° 48' 58'' S;49° 24' 17'' W;544 m
SBSV;BA0001;DEPUTADO LUÍS EDUARDO MAGALHÃES;SALVADOR;BA;12° 54' 31'' S;38° 19' 21'' W;20 m
SBTB;PA0012;TROMBETAS;ORIXIMINÁ;PA;1° 29' 23'' S;56° 23' 49'' W;51 m
SBTD;PR0008;LUIZ DALCANALE FILHO;TOLEDO;PR;24° 41' 7'' S;53° 41' 47'' W;562 m
SBTE;PI0001;SENADOR PETRÔNIO PORTELLA;TERESINA;PI;5° 3' 38'' S;42° 49' 28'' W;67 m
SBTF;AM0004;TEFÉ;TEFÉ;AM;3° 22' 49'' S;64° 43' 31'' W;57 m
SBTG;MS0006;TRÊS LAGOAS;TRÊS LAGOAS;MS;20° 45' 5'' S;51° 40' 49'' W;323 m
SBTK;AC0004;TARAUACÁ;TARAUACÁ;AC;8° 9' 17'' S;70° 46' 58'' W;197 m
SSTE;RS0011;TORRES;TORRES;RS;29° 24' 54'' S;49° 48' 36'' W;9 m
SBTT;AM0005;TABATINGA;TABATINGA;AM;4° 15' 2'' S;69° 56' 16'' W;80 m
SBTU;PA0007;TUCURUÍ;TUCURUÍ;PA;3° 46' 37'' S;49° 43' 11'' W;253 m
SBUA;AM0003;SÃO GABRIEL DA CACHOEIRA;SÃO GABRIEL DA CACHOEIRA;AM;0° 8' 53'' S;66° 59' 9'' W;76 m
SBUF;BA0007;PAULO AFONSO;PAULO AFONSO;BA;9° 24' 4'' S;38° 15' 4'' W;269 m
SBUG;RS0012;RUBEM BERTA;URUGUAIANA;RS;29° 47' 0'' S;57° 2' 13'' W;78 m
SBUL;MG0002;TEN CEL AVIADOR CÉSAR BOMBONATO;UBERLÂNDIA;MG;18° 53' 1'' S;48° 13' 31'' W;943 m
SBUR;MG0009;MARIO DE ALMEIDA FRANCO;UBERABA;MG;19° 45' 53'' S;47° 57' 58'' W;809 m
SBVG;MG0019;MAJOR BRIGADEIRO TROMPOWSKY;VARGINHA;MG;21° 35' 20'' S;45° 28' 24'' W;922 m
SBVH;RO0003;VILHENA;VILHENA;RO;12° 41' 39'' S;60° 5' 50'' W;615 m
SBVT;ES0001;EURICO DE AGUIAR SALLES;VITÓRIA;ES;20° 15' 29'' S;40° 17' 11'' W;3 m
SBZM;MG0006;PRESIDENTE ITAMAR FRANCO;GOIANÁ;MG;21° 30' 47'' S;43° 10' 23'' W;412 m
SDAA;SP0045;ARARAS;ARARAS;SP;22° 20' 13'' S;47° 21' 30'' W;685 m
SDAD;SP0046;EVERALDO MORAES BARRETO;ADAMANTINA;SP;21° 41' 46'' S;51° 5' 47'' W;425 m
SDAE;SP0053;SÃO PEDRO;SÃO PEDRO;SP;22° 35' 1'' S;47° 53' 46'' W;566 m
SDAG;RJ0010;ANGRA DOS REIS;ANGRA DOS REIS;RJ;22° 58' 31'' S;44° 18' 26'' W;3 m
SDAI;SP0047;AMERICANA;AMERICANA;SP;22° 45' 19'' S;47° 16' 5'' W;611 m
SDAM;SP0037;ESTADUAL DE CAMPOS DOS AMARAIS - PREFEITO FRANCISCO AMARAL;CAMPINAS;SP;22° 51' 33'' S;47° 6' 29'' W;612 m
SDBA;SP0063;BATATAIS;BATATAIS;SP;20° 52' 37'' S;47° 35' 9'' W;881 m
SDBB;SP0018;BEBEDOURO;BEBEDOURO;SP;20° 54' 1'' S;48° 28' 25'' W;592 m
SDBK;SP0019;TANCREDO DE ALMEIDA NEVES;BOTUCATU;SP;22° 56' 12'' S;48° 28' 3'' W;918 m
SDBY;SP0032;BARIRI;BARIRI;SP;22° 4' 9'' S;48° 42' 23'' W;493 m
SDCA;SP0051;CAPÃO BONITO;CAPÃO BONITO;SP;24° 2' 1'' S;48° 21' 25'' W;714 m
SDCG;AM0016;SENADORA EUNICE MICHILES;SÃO PAULO DE OLIVENÇA;AM;3° 28' 9'' S;68° 55' 16'' W;102 m
SDCO;SP0027;SOROCABA;SOROCABA;SP;23° 28' 40'' S;47° 29' 24'' W;633 m
SDDN;SP0020;PAULINO RIBEIRO DE ANDRADE;ANDRADINA;SP;20° 55' 30'' S;51° 22' 55'' W;380 m
SDDR;SP0021;DRACENA;DRACENA;SP;21° 27' 38'' S;51° 36' 25'' W;372 m
SDEP;SP0052;GERALDO MOACIR BORDON;PRESIDENTE EPITÁCIO;SP;21° 46' 30'' S;52° 8' 37'' W;297 m
SDET;SP0067;TIETÊ;TIETÊ;SP;23° 6' 17'' S;47° 43' 28'' W;501 m
SDFD;SP0054;CORONEL AVIADOR CARLOS ORLEANS GUIMARÃES;FERNANDÓPOLIS;SP;20° 16' 36'' S;50° 12' 50'' W;499 m
SDFX;BA0054;CASA NOVA;CASA NOVA;BA;9° 9' 27'' S;40° 56' 15'' W;405 m
SDGC;SP0055;GARÇA;GARÇA;SP;22° 11' 1'' S;49° 39' 22'' W;664 m
SDIG;SP0038;IBITINGA;IBITINGA;SP;21° 44' 50'' S;48° 51' 21'' W;542 m
SDIM;SP0033;DR. ANTONIO RIBEIRO NOGUEIRA JÚNIOR;ITANHAÉM;SP;24° 9' 53'' S;46° 47' 8'' W;3 m
SDIV;SP0056;ITUVERAVA;ITUVERAVA;SP;20° 22' 31'' S;47° 46' 7'' W;623 m
SDJC;SP0064;JABOTICABAL;JABOTICABAL;SP;21° 13' 51'' S;48° 17' 8'' W;615 m
SDJO;SP0057;SÃO JOAQUIM DA BARRA;SÃO JOAQUIM DA BARRA;SP;20° 35' 36'' S;47° 50' 32'' W;650 m
SDJV;SP0035;MUNICIPAL DE SÃO JOÃO DA BOA VISTA;SÃO JOÃO DA BOA VISTA;SP;22° 1' 0'' S;46° 50' 26'' W;762 m
SDKJ;BA0025;FORMOSA DO RIO PRETO;FORMOSA DO RIO PRETO;BA;11° 1' 16'' S;45° 11' 14'' W;528 m
SDKK;SP0058;MOCOCA;MOCOCA;SP;21° 29' 14'' S;47° 2' 2'' W;651 m
SDLL;SP0048;YOLANDA PENTEADO;LEME;SP;22° 13' 33'' S;47° 22' 51'' W;627 m
SDLP;SP0034;MUNICIPAL JOSÉ BOSO;LENÇÓIS PAULISTA;SP;22° 34' 42'' S;48° 46' 28'' W;621 m
SDLY;SP0071;ARMANDO NATALI;MATÃO;SP;21° 37' 27'' S;48° 21' 3'' W;635 m
SBMI;RJ0009;MARICÁ;MARICÁ;RJ;22° 55' 5'' S;42° 49' 44'' W;0 m
SDMH;SP0059;MIRASSOL;MIRASSOL;SP;20° 48' 26'' S;49° 29' 10'' W;584 m
SDMJ;SP0022;MOGI MIRIM;MOGI MIRIM;SP;22° 24' 39'' S;46° 54' 20'' W;695 m
SDMO;SP0068;MONTE ALTO;MONTE ALTO;SP;21° 15' 29'' S;48° 31' 27'' W;750 m
SDNH;SP0060;NOVO HORIZONTE;NOVO HORIZONTE;SP;21° 29' 52'' S;49° 14' 4'' W;465 m
SDNM;MT0047;BRIGADEIRO EDUARDO GOMES;NOVA MUTUM;MT;13° 49' 16'' S;56° 2' 19'' W;430 m
SDNO;SP0061;NELSON GARÓFALO;SÃO MANUEL;SP;22° 41' 46'' S;48° 34' 34'' W;734 m
SDOU;SP0023;JORNALISTA BENEDITO PIMENTEL;OURINHOS;SP;22° 58' 25'' S;49° 54' 41'' W;462 m
SDOV;GO0005;MOZARLÂNDIA;MOZARLÂNDIA;GO;14° 46' 8'' S;50° 33' 54'' W;328 m
SDOW;PA0021;OURILÂNDIA DO NORTE;OURILÂNDIA DO NORTE;PA;6° 45' 44'' S;51° 3' 0'' W;229 m
SDPD;SP0072;PINDAMONHANGABA;PINDAMONHANGABA;SP;22° 56' 38'' S;45° 25' 55'' W;574 m
SDPN;SP0024;PENÁPOLIS;PENÁPOLIS;SP;21° 24' 37'' S;50° 1' 55'' W;418 m
SDPV;SP0040;PRESIDENTE VENCESLAU;PRESIDENTE VENCESLAU;SP;21° 53' 36'' S;51° 53' 4'' W;445 m
SDPW;SP0041;PEDRO MORGANTI;PIRACICABA;SP;22° 42' 43'' S;47° 37' 5'' W;584 m
SDPY;SP0066;PIRASSUNUNGA;PIRASSUNUNGA;SP;22° 1' 40'' S;47° 25' 18'' W;683 m
SDRK;SP0049;RIO CLARO;RIO CLARO;SP;22° 25' 54'' S;47° 33' 45'' W;600 m
SDRR;SP0028;AVARÉ-ARANDU;AVARÉ;SP;23° 5' 32'' S;48° 59' 14'' W;798 m
SDRS;RJ0007;RESENDE;RESENDE;RJ;22° 28' 43'' S;44° 28' 54'' W;402 m
SDSC;SP0029;MÁRIO PEREIRA LOPES;SÃO CARLOS;SP;21° 52' 35'' S;47° 54' 12'' W;807 m
SBSO;MT0005;REGIONAL DE SORRISO ADOLINO BEDIN;SORRISO;MT;12° 28' 22'' S;55° 40' 8'' W;386 m
SDTB;SP0069;ATIBAIA;ATIBAIA;SP;23° 7' 42'' S;46° 34' 29'' W;797 m
SDTF;SP0050;TATUÍ;TATUÍ;SP;23° 19' 55'' S;47° 52' 48'' W;635 m
SDTI;SP0073;TUPI PAULISTA;TUPI PAULISTA;SP;21° 23' 36'' S;51° 36' 3'' W;365 m
SDTK;RJ0011;PARATY;PARATY;RJ;23° 13' 26'' S;44° 43' 24'' W;3 m
SDTP;SP0025;JOSÉ VICENTE FARIA LIMA;TUPÃ;SP;21° 53' 24'' S;50° 30' 21'' W;550 m
SDUB;SP0065;ESTADUAL GASTÃO MADEIRA;UBATUBA;SP;23° 26' 29'' S;45° 4' 34'' W;3 m
SDUN;RJ0008;ITAPERUNA;ITAPERUNA;RJ;21° 13' 9'' S;41° 52' 33'' W;110 m
SDUQ;SP0042;PARAGUAÇU PAULISTA;PARAGUAÇU PAULISTA;SP;22° 25' 37'' S;50° 36' 25'' W;486 m
SDVE;SP0070;VERA CRUZ;VERA CRUZ;SP;22° 13' 49'' S;49° 49' 1'' W;640 m
SDVG;SP0026;DOMINGOS PIGNATARI;VOTUPORANGA;SP;20° 27' 26'' S;50° 0' 9'' W;508 m
SDWQ;PA0027;ALENQUER;ALENQUER;PA;1° 55' 1'' S;54° 43' 22'' W;31 m
SDXF;GO0020;ALTO PARAÍSO DE GOIÁS;ALTO PARAÍSO DE GOIÁS;GO;14° 7' 9'' S;47° 31' 49'' W;1345 m
SDXJ;MS0017;COSTA RICA;COSTA RICA;MS;18° 29' 29'' S;53° 10' 6'' W;738 m
SDZG;CE0008;PEDRO TEIXEIRA CASTELO REGIONAL TAUÁ;TAUÁ;CE;5° 56' 0'' S;40° 17' 51'' W;444 m
SIBU;PB0012;JERÔNIMO SÉRGIO ROSADO MAIA;CATOLÉ DO ROCHA;PB;6° 21' 45'' S;37° 45' 19'' W;272 m
SIBW;PB0008;CONCEIÇÃO;CONCEIÇÃO;PB;7° 33' 45'' S;38° 29' 51'' W;370 m
SIBY;PB0009;LOURIVAL NUNES DE FARIAS;MONTEIRO;PB;7° 52' 42'' S;37° 8' 12'' W;622 m
SIBZ;PB0010;ITAPORANGA;ITAPORANGA;PB;7° 18' 40'' S;38° 6' 49'' W;292 m
SICB;PB0007;PEDRO SIMÕES PIMENTA;CUITÉ;PB;6° 29' 15'' S;36° 8' 24'' W;652 m
SILC;MT0025;AEROPORTO MUNICIPAL BOM FUTURO ;LUCAS DO RIO VERDE;MT;13° 2' 16'' S;55° 57' 1'' W;414 m
SIMK;SP0011;TENENTE LUND PRESSOTO;FRANCA;SP;20° 35' 25'' S;47° 22' 57'' W;1003 m
SIZX;MT0018;JUARA SUL;JUARA;MT;11° 17' 48'' S;57° 32' 56'' W;302 m
SJAU;TO0007;ARAGUACEMA;ARAGUACEMA;TO;8° 50' 16'' S;49° 33' 28'' W;207 m
SJBY;MA0007;JOÃO SILVA;SANTA INÊS;MA;3° 39' 16'' S;45° 20' 43'' W;21 m
SJGU;TO0005;ARAGUATINS;ARAGUATINS;TO;5° 41' 4'' S;48° 6' 56'' W;125 m
SBJA;SC0005;REGIONAL SUL;JAGUARUNA;SC;28° 40' 31'' S;49° 3' 37'' W;35 m
SJOG;RO0008;ARIQUEMES;ARIQUEMES;RO;9° 52' 50'' S;63° 2' 50'' W;142 m
SJQN;GO0006;QUIRINÓPOLIS;QUIRINÓPOLIS;GO;18° 26' 46'' S;50° 24' 33'' W;586 m
SJRG;RS0013;REGIONAL DE RIO GRANDE;RIO GRANDE;RS;32° 5' 0'' S;52° 10' 3'' W;8 m
SJTS;PA0028;TERRA SANTA;TERRA SANTA;PA;2° 4' 22'' S;56° 29' 20'' W;25 m
SJVO;GO0030;ARAGARÇAS;ARAGARÇAS;GO;15° 53' 57'' S;52° 14' 43'' W;323 m
SJZA;PB0004;PEDRO VIEIRA MOREIRA;CAJAZEIRAS;PB;6° 52' 58'' S;38° 36' 57'' W;335 m
SNAB;PE0009;ARARIPINA;ARARIPINA;PE;7° 35' 11'' S;40° 32' 7'' W;669 m
SNAE;PE0007;ARCOVERDE;ARCOVERDE;PE;8° 24' 28'' S;37° 5' 18'' W;634 m
SNAG;MG0020;ARAGUARI;ARAGUARI;MG;18° 40' 5'' S;48° 11' 25'' W;947 m
SNAL;AL0003;ARAPIRACA;ARAPIRACA;AL;9° 46' 35'' S;36° 37' 50'' W;270 m
SNAP;MG0021;JANAÚBA;JANAÚBA;MG;15° 43' 55'' S;43° 19' 23'' W;532 m
SNAR;MG0033;CIRILO QUEIRÓZ;ALMENARA;MG;16° 11' 2'' S;40° 40' 2'' W;195 m
SNAS;MG0022;TRÊS MARIAS;TRÊS MARIAS;MG;18° 13' 30'' S;45° 11' 26'' W;786 m
SBAC;CE0004;AEROPORTO REGIONAL DE CANOA QUEBRADA DRAGÃO DO MAR;ARACATI;CE;4° 34' 7'' S;37° 48' 17'' W;36 m
SNAX;SP0016;MARCELO PIRES HALZHAUSEN;ASSIS;SP;22° 38' 24'' S;50° 27' 11'' W;564 m
SNBA;SP0013;CHAFEI AMSEI (SBBT*);BARRETOS;SP;20° 35' 8'' S;48° 35' 45'' W;580 m
SNBC;MA0006;BARRA DO CORDA;BARRA DO CORDA;MA;5° 30' 9'' S;45° 12' 58'' W;155 m
SNBG;ES0005;BAIXO GUANDU - AIMORÉS;BAIXO GUANDU;ES;19° 29' 56'' S;41° 2' 31'' W;80 m
SNBI;MA0005;BACABAL;BACABAL;MA;4° 13' 41'' S;44° 49' 11'' W;20 m
SNBM;MG0051;CRISTIANO FERREIRA VARELLA;MURIAÉ;MG;21° 7' 34'' S;42° 23' 40'' W;270 m
SNBR;BA0011;DOM RICARDO WEBERBERGER;BARREIRAS;BA;12° 4' 45'' S;45° 0' 34'' W;747 m
SNBS;MA0010;BALSAS;BALSAS;MA;7° 31' 31'' S;46° 3' 12'' W;284 m
SNBX;BA0028;BARRA;BARRA;BA;11° 4' 52'' S;43° 8' 51'' W;389 m
SNBZ;BA0042;PARAMIRIM;PARAMIRIM;BA;13° 29' 26'' S;42° 13' 45'' W;639 m
SNCA;MG0031;CAMPO BELO;CAMPO BELO;MG;20° 53' 33'' S;45° 20' 8'' W;970 m
SNCS;CE0009;CAMPOS SALES;CAMPOS SALES;CE;7° 3' 6'' S;40° 21' 30'' W;615 m
SNCT;MG0056;CARATINGA;UBAPORANGA;MG;19° 43' 31'' S;42° 6' 40'' W;599 m
SNCX;ES0004;COLATINA;COLATINA;ES;19° 29' 15'' S;40° 34' 46'' W;153 m
SNCZ;MG0059;PONTE NOVA;PONTE NOVA;MG;20° 24' 11'' S;42° 55' 0'' W;572 m
SNDC;PA0030;REDENÇÃO;REDENÇÃO;PA;8° 1' 52'' S;49° 58' 47'' W;207 m
SNDT;MG0030;JUSCELINO KUBITSCHEK;DIAMANTINA;MG;18° 13' 56'' S;43° 39' 1'' W;1356 m
SNDV;MG0015;BRIGADEIRO ANTÔNIO CABRAL;DIVINÓPOLIS;MG;20° 10' 55'' S;44° 52' 12'' W;795 m
SNEB;PA0018;NAGIB DEMACHKI;PARAGOMINAS;PA;3° 1' 11'' S;47° 18' 59'' W;135 m
SNED;BA0023;SÓCRATES REZENDE;CANAVIEIRAS;BA;15° 39' 59'' S;38° 57' 19'' W;6 m
SNEE;RS0004;VACARIA NOVO;VACARIA;RS;28° 25' 55'' S;51° 1' 22'' W;914 m
SNFE;MG0012;COMANDANTE PASCHOAL PATROCÍNIO FILHO;ALFENAS;MG;21° 25' 54'' S;45° 55' 59'' W;875 m
SNFO;MG0060;FORMIGA;FORMIGA;MG;20° 23' 43'' S;45° 29' 12'' W;1017 m
SNFU;MG0063;FRUTAL;FRUTAL;MG;20° 0' 17'' S;48° 57' 32'' W;549 m
SNFX;PA0013;SÃO FÉLIX DO XINGU;SÃO FÉLIX DO XINGU;PA;6° 38' 29'' S;51° 57' 8'' W;183 m
SNGA;ES0007;GUARAPARI;GUARAPARI;ES;20° 38' 47'' S;40° 29' 30'' W;9 m
SNGB;PI0011;GILBUÉS;GILBUÉS;PI;9° 50' 1'' S;45° 22' 2'' W;450 m
SNGD;PI0005;GUADALUPE;GUADALUPE;PI;6° 46' 59'' S;43° 34' 51'' W;172 m
SNGG;PI0007;BOM JESUS DO GURGUÉIA;BOM JESUS;PI;9° 3' 34'' S;44° 22' 9'' W;338 m
SNGI;BA0009;GUANAMBI;GUANAMBI;BA;14° 12' 29'' S;42° 44' 46'' W;553 m
SNGN;PE0006;GARANHUNS;GARANHUNS;PE;8° 50' 4'' S;36° 28' 17'' W;759 m
SNGX;MG0023;GUAXUPÉ;GUAXUPÉ;MG;21° 19' 36'' S;46° 43' 49'' W;849 m
SNHS;PE0005;SANTA MAGALHÃES;SERRA TALHADA;PE;8° 3' 41'' S;38° 19' 43'' W;470 m
SNIB;BA0045;ITABERABA;ITABERABA;BA;12° 29' 59'' S;40° 16' 13'' W;283 m
SNIC;BA0019;IRECÊ;IRECÊ;BA;11° 20' 24'' S;41° 50' 49'' W;784 m
SNIE;BA0020;CAETITÉ;CAETITÉ;BA;14° 0' 44'' S;42° 29' 38'' W;976 m
SNIG;CE0007;IGUATU;IGUATU;CE;6° 20' 48'' S;39° 17' 40'' W;213 m
SNIO;BA0010;CIPÓ;CIPÓ;BA;11° 7' 31'' S;38° 29' 13'' W;223 m
SNIP;BA0057;ITAPETINGA;ITAPETINGA;BA;15° 14' 40'' S;40° 16' 38'' W;270 m
SNIT;BA0046;IBOTIRAMA;IBOTIRAMA;BA;12° 10' 6'' S;43° 13' 21'' W;422 m
SNIU;BA0030;IPIAÚ;IPIAÚ;BA;14° 10' 24'' S;39° 41' 3'' W;132 m
SNJB;BA0062;JACOBINA;JACOBINA;BA;11° 9' 47'' S;40° 33' 12'' W;489 m
SDIY;BA0013;JOÃO DURVAL CARNEIRO (SBFE*);FEIRA DE SANTANA;BA;12° 12' 2'' S;38° 54' 23'' W;238 m
SNJK;BA0047;JEQUIÉ;JEQUIÉ;BA;13° 52' 40'' S;40° 4' 17'' W;197 m
SNJM;MG0050;ELIAS BREDER;MANHUAÇU;MG;20° 15' 35'' S;42° 11' 2'' W;829 m
SNJO;PB0002;AEROCLUBE DE JOÃO PESSOA;JOÃO PESSOA;PB;7° 5' 30'' S;34° 50' 31'' W;6 m
SNJP;MG0036;JOÃO PINHEIRO;JOÃO PINHEIRO;MG;17° 47' 15'' S;46° 7' 13'' W;911 m
SNJQ;MG0053;JEQUITINHONHA;JEQUITINHONHA;MG;16° 26' 29'' S;41° 2' 14'' W;234 m
SNJR;MG0034;PREFEITO OCTÁVIO DE ALMEIDA NEVES;SÃO JOÃO DEL REI;MG;21° 5' 8'' S;44° 13' 31'' W;945 m
SNKD;MG0070;CONCEIÇÃO DO MATO DENTRO;CONCEIÇÃO DO MATO DENTRO;MG;19° 1' 13'' S;43° 26' 2'' W;669 m
SNKF;MG0071;DAS BANDEIRINHAS;CONSELHEIRO LAFAIETE;MG;20° 44' 19'' S;43° 47' 53'' W;1057 m
SNKI;ES0006;CACHOEIRO DE ITAPEMIRIM;CACHOEIRO DE ITAPEMIRIM;ES;20° 50' 7'' S;41° 11' 11'' W;78 m
SNKK;RN0005;CAICÓ;CAICÓ;RN;6° 26' 21'' S;37° 4' 41'' W;182 m
SNKN;RN0004;CURRAIS NOVOS;CURRAIS NOVOS;RN;6° 16' 51'' S;36° 32' 25'' W;367 m
SNKR;PI0012;CORRENTE;CORRENTE;PI;10° 27' 7'' S;45° 8' 11'' W;473 m
SNLI;MG0040;DOUTOR JOSÉ MOURÃO;ABAETÉ;MG;19° 9' 26'' S;45° 29' 45'' W;664 m
SNLN;ES0002;MUNICIPAL DE LINHARES;LINHARES;ES;19° 21' 19'' S;40° 4' 17'' W;42 m
SNLO;MG0037;SÃO LOURENÇO;SÃO LOURENÇO;MG;22° 5' 30'' S;45° 2' 43'' W;875 m
SNLT;PI0010;PAULISTANA;PAULISTANA;PI;8° 9' 59'' S;41° 9' 14'' W;360 m
SNMA;PA0019;MONTE ALEGRE;MONTE ALEGRE;PA;1° 59' 48'' S;54° 4' 17'' W;99 m
SNMH;GO0018;PIRENÓPOLIS;PIRENÓPOLIS;GO;15° 50' 53'' S;48° 58' 49'' W;785 m
SNMJ;BA0031;MARACÁS;MARACÁS;BA;13° 23' 10'' S;40° 27' 58'' W;962 m
SNMK;MG0017;MOCAMBINHO;JAÍBA;MG;15° 5' 35'' S;43° 58' 45'' W;450 m
SNMN;MG0075;MINAS NOVAS;MINAS NOVAS;MG;17° 14' 2'' S;42° 35' 2'' W;750 m
SNMR;BA0065;MARAÚ;MARAÚ;BA;14° 7' 2'' S;38° 59' 2'' W;20 m
SNMX;ES0003;SÃO MATEUS;SÃO MATEUS;ES;18° 43' 17'' S;39° 50' 1'' W;30 m
SNMZ;PA0020;PORTO DE MOZ;PORTO DE MOZ;PA;1° 44' 29'' S;52° 14' 9'' W;16 m
SNNE;MG0078;SEBASTIÃO CARLOS LEITE;SÃO JOÃO NEPOMUCENO;MG;21° 32' 32'' S;43° 1' 16'' W;403 m
SNNU;MG0041;NANUQUE;NANUQUE;MG;17° 49' 23'' S;40° 19' 47'' W;210 m
SNOB;CE0013;AERÓDROMO PÚBLICO DE SOBRAL;SOBRAL;CE;3° 40' 44'' S;40° 20' 12'' W;64 m
SNOE;PI0008;OEIRAS;OEIRAS;PI;7° 1' 8'' S;42° 10' 2'' W;250 m
SNOS;MG0024;MUNICIPAL JOSÉ FIGUEIREDO;PASSOS;MG;20° 44' 0'' S;46° 39' 35'' W;822 m
SNOU;AC0003;NOVO AERÓDROMO DE FEIJÓ;FEIJÓ;AC;8° 8' 29'' S;70° 20' 27'' W;168 m
SNOX;PA0014;ORIXIMINÁ;ORIXIMINÁ;PA;1° 42' 49'' S;55° 50' 9'' W;80 m
SNPA;MG0052;PARÁ DE MINAS;PARÁ DE MINAS;MG;19° 50' 33'' S;44° 36' 3'' W;839 m
SNPC;PI0009;PICOS;PICOS;PI;7° 3' 55'' S;41° 31' 10'' W;320 m
SNPD;MG0010;PATOS DE MINAS;PATOS DE MINAS;MG;18° 40' 20'' S;46° 29' 29'' W;851 m
SNPJ;MG0042;PATROCÍNIO;PATROCÍNIO;MG;18° 54' 33'' S;46° 58' 58'' W;985 m
SNPQ;PE0010;PESQUEIRA;PESQUEIRA;PE;8° 22' 27'' S;36° 38' 16'' W;630 m
SBCZ;AC0002;CRUZEIRO DO SUL;CRUZEIRO DO SUL;AC;7° 35' 58'' S;72° 46' 10'' W;194 m
SNPX;MG0028;PIRAPORA;PIRAPORA;MG;17° 18' 50'' S;44° 51' 31'' W;551 m
SNPY;MG0013;SÃO SEBASTIÃO DO PARAÍSO;SÃO SEBASTIÃO DO PARAÍSO;MG;20° 56' 54'' S;46° 58' 59'' W;950 m
SNQD;PB0006;SOUSA;SOUSA;PB;6° 47' 8'' S;38° 14' 2'' W;272 m
SNQG;PI0003;CANGAPARA;FLORIANO;PI;6° 50' 45'' S;43° 4' 39'' W;210 m
SNQU;BA0032;MUCUGÊ;MUCUGÊ;BA;13° 1' 54'' S;41° 26' 40'' W;1056 m
SNQV;MG0044;CURVELO;CURVELO;MG;18° 44' 58'' S;44° 27' 29'' W;672 m
SNQX;CE0010;QUIXADÁ;QUIXADÁ;CE;4° 58' 44'' S;38° 59' 16'' W;225 m
SNRD;BA0048;PRADO;PRADO;BA;17° 17' 49'' S;39° 16' 19'' W;27 m
SNRM;BA0022;REMANSO;REMANSO;BA;9° 34' 48'' S;42° 6' 57'' W;406 m
SNRP;MG0066;RIO PARANAÍBA;RIO PARANAÍBA;MG;19° 12' 45'' S;46° 14' 26'' W;1145 m
SNRU;PE0004;CARUARU;CARUARU;PE;8° 17' 4'' S;36° 0' 39'' W;576 m
SNRX;MA0009;RIACHÃO;RIACHÃO;MA;7° 21' 1'' S;46° 38' 2'' W;400 m
SNRZ;MG0049;OLIVEIRA;OLIVEIRA;MG;20° 42' 52'' S;44° 51' 55'' W;1015 m
SNSE;BA0056;SENTO SÉ;SENTO SÉ;BA;9° 45' 27'' S;41° 51' 18'' W;398 m
SNSG;PE0008;SALGUEIRO;SALGUEIRO;PE;8° 2' 48'' S;39° 8' 2'' W;469 m
SNSI;MG0076;SANTA MARIA DO SUAÇUÍ;SANTA MARIA DO SUAÇUÍ;MG;18° 11' 55'' S;42° 27' 58'' W;480 m
SNSM;PA0250;SALINÓPOLIS;SALINÓPOLIS;PA;0° 41' 47'' S;47° 20' 12'' W;36 m
SNSS;MG0029;SALINAS;SALINAS;MG;16° 12' 30'' S;42° 19' 19'' W;763 m
SNTF;BA0016;TEIXEIRA DE FREITAS;TEIXEIRA DE FREITAS;BA;17° 31' 28'' S;39° 40' 6'' W;105 m
SNTI;PA0016;ÓBIDOS;ÓBIDOS;PA;1° 52' 5'' S;55° 30' 52'' W;100 m
SNTM;MG0068;TURMALINA;TURMALINA;MG;17° 14' 2'' S;42° 44' 2'' W;882 m
SNTO;MG0048;JUSCELINO KUBITSCHECK;TEÓFILO OTONI;MG;17° 53' 27'' S;41° 30' 54'' W;480 m
SNTQ;BA0053;BURITIRAMA;BURITIRAMA;BA;10° 43' 18'' S;43° 39' 13'' W;499 m
SNTS;PB0005;BRIGADEIRO FIRMINO AYRES;PATOS;PB;7° 2' 16'' S;37° 15' 27'' W;265 m
SNUB;MG0058;UBÁ;UBÁ;MG;21° 7' 21'' S;42° 52' 56'' W;340 m
SNUC;RN0003;AÇU;AÇU;RN;5° 35' 42'' S;36° 57' 39'' W;111 m
SNUH;MG0054;PIUMHI;PIUMHI;MG;20° 26' 20'' S;45° 59' 32'' W;751 m
SNUI;MG0045;ARAÇUAÍ;ARAÇUAÍ;MG;16° 51' 7'' S;42° 2' 46'' W;328 m
SNUN;MG0055;UNAÍ;UNAÍ;MG;16° 21' 14'' S;46° 55' 37'' W;609 m
SNVB;BA0008;VALENÇA;VALENÇA;BA;13° 17' 47'' S;38° 59' 33'' W;5 m
SNVC;MG0074;VIÇOSA;VIÇOSA;MG;20° 44' 41'' S;42° 50' 31'' W;659 m
SNVD;BA0050;SANTA MARIA DA VITÓRIA;SANTA MARIA DA VITÓRIA;BA;13° 24' 17'' S;44° 13' 23'' W;465 m
SNVI;MG0035;MELLO VIANA;TRÊS CORAÇÕES;MG;21° 47' 21'' S;45° 16' 5'' W;976 m
SNVS;PA0015;BREVES;BREVES;PA;1° 38' 11'' S;50° 26' 36'' W;30 m
SNWC;CE0011;CAMOCIM;CAMOCIM;CE;2° 53' 45'' S;40° 51' 32'' W;14 m
SNWS;CE0005;CRATEÚS;CRATEÚS;CE;5° 12' 40'' S;40° 42' 15'' W;318 m
SNXB;MG0025;CAXAMBU;CAXAMBU;MG;21° 55' 3'' S;44° 58' 10'' W;865 m
SNXQ;BA0018;XIQUE-XIQUE;XIQUE-XIQUE;BA;10° 50' 3'' S;42° 41' 0'' W;427 m
SNYA;PA0024;ALMEIRIM;ALMEIRIM;PA;1° 28' 45'' S;52° 34' 41'' W;178 m
SNYB;MG0047;TITO TEIXEIRA;ITUIUTABA;MG;19° 0' 7'' S;49° 29' 14'' W;605 m
SNYE;MA0004;PINHEIRO;PINHEIRO;MA;2° 28' 39'' S;45° 6' 18'' W;20 m
SNYU;MG0014;ITURAMA;ITURAMA;MG;19° 43' 2'' S;50° 13' 13'' W;475 m
SNZA;MG0038;POUSO ALEGRE;POUSO ALEGRE;MG;22° 17' 20'' S;45° 55' 10'' W;885 m
SNZR;MG0026;PEDRO RABELO DE SOUZA;PARACATU;MG;17° 14' 35'' S;46° 52' 53'' W;730 m
SSAB;PR0024;MOISÉS LUPION;IBAITI;PR;23° 45' 47'' S;50° 15' 53'' W;600 m
SSAE;RS0040;ARROIO GRANDE;ARROIO GRANDE;RS;32° 13' 45'' S;53° 3' 21'' W;49 m
SSAK;RS0048;CARLOS RUHL;CRUZ ALTA;RS;28° 39' 31'' S;53° 36' 41'' W;481 m
SSAN;PR0032;JOÃO GALDINO;ANDIRÁ;PR;23° 1' 37'' S;50° 13' 42'' W;490 m
SSAP;PR0014;CAPITÃO JOÃO BUSSE;APUCARANA;PR;23° 36' 44'' S;51° 23' 6'' W;800 m
SSAQ;RS0036;AEROCLUBE DE PASSO FUNDO;PASSO FUNDO;RS;28° 15' 2'' S;52° 31' 0'' W;600 m
SSBL;SC0019;BLUMENAU;BLUMENAU;SC;26° 49' 58'' S;49° 5' 37'' W;18 m
SSBN;RS0002;BELÉM NOVO;PORTO ALEGRE;RS;30° 11' 21'' S;51° 10' 57'' W;5 m
SSBV;MS0011;BELA VISTA;BELA VISTA;MS;22° 4' 56'' S;56° 32' 18'' W;235 m
SSCB;SP0044;MUNICIPAL DE CASA BRANCA;CASA BRANCA;SP;21° 47' 17'' S;47° 3' 20'' W;712 m
SSCD;MS0007;CHAPADÃO DO SUL;CHAPADÃO DO SUL;MS;18° 50' 21'' S;52° 29' 17'' W;817 m
SSCI;MS0012;COXIM;COXIM;MS;18° 28' 53'' S;54° 42' 57'' W;292 m
SSCK;SC0010;OLAVO CECCO RIGON;CONCÓRDIA;SC;27° 10' 50'' S;52° 3' 4'' W;751 m
SNPU;MG0073;COMANDANTE VIRGILIO BORIM;PARAGUAÇU;MG;21° 33' 41'' S;45° 45' 17'' W;898 m
SSCN;RS0019;CANELA;CANELA;RS;29° 22' 14'' S;50° 49' 56'' W;837 m
SSCP;PR0015;FRANCISCO LACERDA JÚNIOR;CORNÉLIO PROCÓPIO;PR;23° 9' 9'' S;50° 36' 9'' W;567 m
SSCR;PR0016;RUBEN BERTA;MARECHAL CÂNDIDO RONDON;PR;24° 30' 46'' S;54° 3' 14'' W;525 m
SSCT;PR0025;ENGENHEIRO GASTÃO DE MESQUITA FILHO;CIANORTE;PR;23° 41' 30'' S;52° 38' 32'' W;539 m
SSEE;RS0054;REGIONAL DO VALE DO TAQUARI;ESTRELA;RS;29° 27' 12'' S;51° 56' 3'' W;32 m
SSEP;RS0031;SÃO SEPÉ;SÃO SEPÉ;RS;30° 10' 56'' S;53° 34' 46'' W;153 m
SSER;RS0018;ERECHIM;ERECHIM;RS;27° 39' 36'' S;52° 16' 34'' W;761 m
SSEZ;RS0050;ESPUMOSO;ESPUMOSO;RS;28° 44' 17'' S;52° 51' 20'' W;390 m
SSFB;PR0021;PAULO ABDALA;FRANCISCO BELTRÃO;PR;26° 3' 32'' S;53° 3' 48'' W;640 m
SSFL;PI0006;JOÃO PEREIRA DOS SANTOS FILHO;FRONTEIRAS;PI;7° 6' 0'' S;40° 37' 42'' W;448 m
SSGA;RS0020;GARIBALDI;GARIBALDI;RS;29° 16' 6'' S;51° 31' 56'' W;680 m
SSGB;PR0035;MUNICIPAL DE GUARATUBA;GUARATUBA;PR;25° 52' 50'' S;48° 36' 44'' W;15 m
SSGW;PR0037;MANOEL RIBAS;GOIOERÊ;PR;24° 13' 11'' S;53° 2' 38'' W;491 m
SSGY;PR0023;GUAÍRA;GUAÍRA;PR;24° 4' 47'' S;54° 11' 17'' W;271 m
SSHZ;RS0037;WALTER BÜNDCHEN;HORIZONTINA;RS;27° 38' 18'' S;54° 20' 20'' W;310 m
SSIE;MS0002;TERUEL IPANEMA ESTÂNCIA;CAMPO GRANDE;MS;20° 36' 14'' S;54° 35' 43'' W;528 m
SSIJ;RS0032;IJUÍ;IJUÍ;RS;28° 22' 7'' S;53° 50' 47'' W;365 m
SSIQ;RS0045;ITAQUI;ITAQUI;RS;29° 10' 19'' S;56° 32' 18'' W;84 m
SSIR;RS0049;IBIRUBÁ;IBIRUBÁ;RS;28° 36' 15'' S;53° 4' 43'' W;457 m
SSJA;SC0014;SANTA TEREZINHA;JOAÇABA;SC;27° 10' 22'' S;51° 33' 6'' W;776 m
SSJI;MS0019;JARDIM;JARDIM;MS;21° 29' 34'' S;56° 9' 10'' W;321 m
SSJK;RS0028;JÚLIO DE CASTILHOS;JÚLIO DE CASTILHOS;RS;29° 9' 11'' S;53° 44' 36'' W;498 m
SSKG;MS0003;ESTÂNCIA SANTA MARIA;CAMPO GRANDE;MS;20° 30' 20'' S;54° 31' 29'' W;618 m
SSKK;RS0052;CAPÃO DA CANOA;CAPÃO DA CANOA;RS;29° 45' 49'' S;50° 2' 13'' W;10 m
SSKM;PR0017;CAMPO MOURÃO;CAMPO MOURÃO;PR;24° 0' 9'' S;52° 21' 25'' W;574 m
SSKS;RS0039;BRIGADEIRO NERO MOURA;CACHOEIRA DO SUL;RS;30° 0' 8'' S;52° 56' 25'' W;77 m
SSKU;SC0016;LAURO ANTÔNIO DA COSTA;CURITIBANOS;SC;27° 17' 14'' S;50° 36' 14'' W;978 m
SSKW;RO0004;CACOAL;CACOAL;RO;11° 29' 44'' S;61° 27' 3'' W;249 m
SSKZ;RS0009;CARAZINHO;CARAZINHO;RS;28° 19' 18'' S;52° 49' 0'' W;565 m
SSLG;RS0021;SÃO LUIZ GONZAGA;SÃO LUIZ GONZAGA;RS;28° 22' 35'' S;55° 2' 15'' W;200 m
SSLN;SC0018;LONTRAS;LONTRAS;SC;27° 9' 35'' S;49° 32' 34'' W;334 m
SSLO;PR0031;ATTILLIO ACCORSI;LOANDA;PR;22° 55' 4'' S;53° 8' 59'' W;470 m
SSLT;RS0022;GAUDÊNCIO MACHADO RAMOS;ALEGRETE;RS;29° 48' 45'' S;55° 53' 36'' W;125 m
SSMJ;MS0020;MARACAJU;MARACAJU;MS;21° 38' 2'' S;55° 8' 42'' W;390 m
SSMR;PR0026;MANOEL RIBAS;MANOEL RIBAS;PR;24° 31' 46'' S;51° 39' 6'' W;886 m
SSMT;RS0044;MOSTARDAS;MOSTARDAS;RS;31° 6' 15'' S;50° 54' 44'' W;18 m
SSNB;MS0015;ARIOSTO DA RIVA;NAVIRAÍ;MS;23° 2' 3'' S;54° 10' 40'' W;405 m
SSNG;RS0046;MONTENEGRO;MONTENEGRO;RS;29° 43' 11'' S;51° 29' 20'' W;24 m
SSNH;RS0023;NOVO HAMBURGO;NOVO HAMBURGO;RS;29° 41' 57'' S;51° 4' 55'' W;15 m
SSNP;RS0041;NOVA PRATA;NOVA PRATA;RS;28° 48' 9'' S;51° 36' 15'' W;690 m
SSNQ;MS0016;NIOAQUE;NIOAQUE;MS;21° 11' 5'' S;55° 49' 49'' W;300 m
SSOE;SC0015;HÉLIO WASUM;SÃO MIGUEL DO OESTE;SC;26° 46' 52'' S;53° 30' 12'' W;665 m
SSOG;PR0027;ARAPONGAS;ARAPONGAS;PR;23° 21' 21'' S;51° 29' 27'' W;792 m
SSOI;SP0043;PEDERNEIRAS;PEDERNEIRAS;SP;22° 18' 26'' S;48° 46' 23'' W;536 m
SSOL;MG0027;PADRE ISRAEL (ISRAEL BATISTA DE CARVALHO);LAVRAS;MG;21° 14' 26'' S;44° 57' 51'' W;959 m
SSOS;RS0042;OSÓRIO;OSÓRIO;RS;29° 54' 8'' S;50° 14' 57'' W;17 m
SBPO;PR0018;AEROPORTO REGIONAL DE PATO BRANCO - PROFESSOR JUVENAL LOUREIRO CARDOSO;PATO BRANCO;PR;26° 13' 2'' S;52° 41' 40'' W;823 m
SSPG;PR0011;SANTOS DUMONT;PARANAGUÁ;PR;25° 32' 26'' S;48° 31' 52'' W;5 m
SSPI;PR0010;EDU CHAVES;PARANAVAÍ;PR;23° 5' 24'' S;52° 29' 19'' W;474 m
SSPL;RS0043;PALMEIRA DAS MISSÕES;PALMEIRA DAS MISSÕES;RS;27° 54' 6'' S;53° 19' 44'' W;635 m
SSPM;MS0013;PORTO MURTINHO;PORTO MURTINHO;MS;21° 42' 46'' S;57° 52' 45'' W;81 m
SSPN;MS0010;PARANAÍBA;PARANAÍBA;MS;19° 39' 4'' S;51° 11' 58'' W;442 m
SSPS;PR0036;DIMORVAN CARRARO;PALMAS;PR;26° 28' 20'' S;51° 58' 32'' W;1100 m
SSPT;PR0028;BRASÍLIO MARQUES;PALOTINA;PR;24° 20' 36'' S;53° 49' 43'' W;373 m
SSQC;PR0029;AGUINALDO PEREIRA LIMA;SIQUEIRA CAMPOS;PR;23° 40' 28'' S;49° 49' 8'' W;705 m
SSQP;BA0061;MONTE SANTO;MONTE SANTO;BA;10° 27' 55'' S;39° 17' 10'' W;443 m
SSQT;PR0013;MAJOR NEODO S. PEREIRA;CASTRO;PR;24° 48' 27'' S;49° 57' 37'' W;1010 m
SSRE;PR0030;REALEZA;REALEZA;PR;25° 48' 4'' S;53° 30' 47'' W;501 m
SSRF;BA0034;CASTRO ALVES;CASTRO ALVES;BA;12° 45' 57'' S;39° 27' 4'' W;261 m
SSRG;SP0030;AEROPORTO ESTADUAL DE REGISTRO;REGISTRO;SP;24° 31' 54'' S;47° 50' 25'' W;25 m
SSRS;MA0008;BARREIRINHAS;BARREIRINHAS;MA;2° 45' 24'' S;42° 48' 16'' W;4 m
SSRU;RS0034;SÃO LOURENÇO DO SUL;SÃO LOURENÇO DO SUL;RS;31° 23' 5'' S;52° 1' 57'' W;27 m
SSRZ;RS0024;DÁRIO BRASIL CAPOANO DE OLIVEIRA;ROSÁRIO DO SUL;RS;30° 16' 39'' S;54° 55' 31'' W;102 m
SSSB;RS0014;SÃO BORJA;SÃO BORJA;RS;28° 39' 17'' S;56° 2' 5'' W;80 m
SSSC;RS0029;SANTA CRUZ DO SUL;SANTA CRUZ DO SUL;RS;29° 41' 3'' S;52° 24' 44'' W;199 m
SSSD;RS0017;SOLEDADE;SOLEDADE;RS;28° 51' 48'' S;52° 32' 26'' W;673 m
SSSG;RS0035;SÃO GABRIEL;SÃO GABRIEL;RS;30° 20' 42'' S;54° 16' 4'' W;145 m
SSSS;SC0022;SÃO FRANCISCO DO SUL;SÃO FRANCISCO DO SUL;SC;26° 13' 16'' S;48° 33' 52'' W;15 m
SSST;RS0015;SANTIAGO;SANTIAGO;RS;29° 12' 54'' S;54° 50' 32'' W;445 m
SSSZ;PR0033;SERTANÓPOLIS;SERTANÓPOLIS;PR;23° 3' 43'' S;51° 0' 50'' W;361 m
SSTB;SC0013;TRÊS BARRAS;TRÊS BARRAS;SC;26° 7' 58'' S;50° 18' 35'' W;780 m
SSUM;PR0019;ORLANDO DE CARVALHO;UMUARAMA;PR;23° 47' 57'' S;53° 18' 50'' W;473 m
SSUV;PR0034;JOSÉ CLETO;UNIÃO DA VITÓRIA;PR;26° 13' 54'' S;51° 4' 8'' W;752 m
SBVC;BA0005;GLAUBER DE ANDRADE ROCHA;VITÓRIA DA CONQUISTA;BA;14° 54' 28'' S;40° 54' 53'' W;896 m
SSVI;SC0011;ÂNGELO PONZONI;VIDEIRA;SC;26° 59' 59'' S;51° 8' 29'' W;840 m
SSVL;PR0007;TELÊMACO BORBA (SBTL*);TELÊMACO BORBA;PR;24° 18' 59'' S;50° 39' 8'' W;796 m
SSVN;RS0030;VERANÓPOLIS;VERANÓPOLIS;RS;28° 56' 8'' S;51° 34' 4'' W;676 m
SBJE;CE0003;COMANDANTE ARISTON PESSOA;CRUZ;CE;2° 54' 24'' S;40° 21' 29'' W;27 m
SSWS;RS0025;CAÇAPAVA DO SUL;CAÇAPAVA DO SUL;RS;30° 32' 58'' S;53° 27' 33'' W;400 m
SSXX;SC0017;MUNICIPAL JOÃO WINCKLER;XANXERÊ;SC;26° 52' 32'' S;52° 22' 23'' W;910 m
SSZR;RS0027;LUIS ALBERTO LEHR;SANTA ROSA;RS;27° 54' 32'' S;54° 31' 20'' W;309 m
SBPG;PR0012;COMANDANTE ANTÔNIO AMILTON BERALDO;PONTA GROSSA;PR;25° 11' 4'' S;50° 8' 38'' W;789 m
SWBC;AM0017;BARCELOS;BARCELOS;AM;0° 58' 51'' S;62° 55' 8'' W;34 m
SWBE;CE0006;WALFRIDO SALMITO DE ALMEIDA;SÃO BENEDITO;CE;4° 2' 34'' S;40° 53' 38'' W;884 m
SWBG;MT0009;ANDRÉ ANTÔNIO MAGGI;PONTES E LACERDA;MT;15° 11' 36'' S;59° 23' 7'' W;247 m
SWBR;AM0018;BORBA;BORBA;AM;4° 24' 31'' S;59° 35' 52'' W;90 m
SWCA;AM0007;CARAUARI;CARAUARI;AM;4° 52' 17'' S;66° 53' 51'' W;108 m
SWCB;GO0023;CAMPOS BELOS;CAMPOS BELOS;GO;13° 0' 25'' S;46° 42' 39'' W;690 m
SWCQ;RO0007;COSTA MARQUES;COSTA MARQUES;RO;12° 25' 18'' S;64° 15' 6'' W;169 m
SWCZ;GO0024;CERES;CERES;GO;15° 20' 41'' S;49° 36' 17'' W;598 m
SWDM;MT0015;DIAMANTINO;DIAMANTINO;MT;14° 22' 36'' S;56° 24' 2'' W;469 m
SWDN;TO0006;DIANÓPOLIS;DIANÓPOLIS;TO;11° 35' 43'' S;46° 50' 52'' W;730 m
SWEI;AM0009;EIRUNEPÉ;EIRUNEPÉ;AM;6° 38' 15'' S;69° 52' 59'' W;122 m
SWEK;MT0024;CANARANA;CANARANA;MT;13° 34' 39'' S;52° 16' 5'' W;398 m
SWFN;AM0002;FLORES;MANAUS;AM;3° 4' 22'' S;60° 1' 16'' W;62 m
SWFR;GO0014;FORMOSA;FORMOSA;GO;15° 33' 22'' S;47° 20' 43'' W;965 m
SWFX;MT0022;SÃO FÉLIX DO ARAGUAIA;SÃO FÉLIX DO ARAGUAIA;MT;11° 37' 55'' S;50° 41' 18'' W;198 m
SWGI;TO0004;GURUPI;GURUPI;TO;11° 44' 22'' S;49° 8' 0'' W;350 m
SWGN;TO0002;ARAGUAÍNA;ARAGUAÍNA;TO;7° 13' 42'' S;48° 14' 27'' W;235 m
SWHP;MT0006;FREDERICO CARLOS MÜLLER;ÁGUA BOA;MT;14° 1' 11'' S;52° 9' 7'' W;450 m
SWHT;AM0019;FRANCISCO CORREA DA CRUZ;HUMAITÁ;AM;7° 32' 1'' S;63° 3' 2'' W;70 m
SWII;AM0013;IPIRANGA;SANTO ANTÔNIO DO IÇÁ;AM;2° 56' 1'' S;69° 41' 41'' W;40 m
SWIQ;GO0019;MINAÇU;MINAÇU;GO;13° 33' 2'' S;48° 12' 2'' W;427 m
SWJN;MT0007;JUÍNA;JUÍNA;MT;11° 25' 10'' S;58° 42' 36'' W;330 m
SWJW;GO0008;JATAÍ;JATAÍ;GO;17° 49' 48'' S;51° 46' 31'' W;771 m
SWKC;MT0017;CÁCERES;CÁCERES;MT;16° 2' 34'' S;57° 37' 47'' W;150 m
SWKO;AM0010;COARI;COARI;AM;4° 8' 2'' S;63° 7' 52'' W;40 m
SWKQ;PI0004;SERRA DA CAPIVARA/SÃO RAIMUNDO NONATO;SÃO RAIMUNDO NONATO;PI;9° 4' 58'' S;42° 38' 40'' W;415 m
SWKT;GO0015;CATALÃO;CATALÃO;GO;18° 13' 1'' S;47° 53' 58'' W;802 m
SWLB;AM0024;LÁBREA;LÁBREA;AM;7° 16' 44'' S;64° 46' 10'' W;74 m
SWLC;GO0009;GENERAL LEITE DE CASTRO;RIO VERDE;GO;17° 50' 5'' S;50° 57' 22'' W;751 m
SWME;GO0033;MINEIROS;MINEIROS;GO;17° 33' 7'' S;52° 33' 22'' W;825 m
SWMW;AM0020;MAUÉS;MAUÉS;AM;3° 21' 25'' S;57° 42' 44'' W;21 m
SWNH;GO0017;ARUANÃ;ARUANÃ;GO;14° 55' 59'' S;51° 2' 54'' W;250 m
SWNK;AM0011;NOVO CAMPO;BOCA DO ACRE;AM;8° 50' 5'' S;67° 18' 45'' W;120 m
SWNQ;GO0016;NIQUELÂNDIA;NIQUELÂNDIA;GO;14° 26' 11'' S;48° 29' 31'' W;840 m
SWNS;GO0004;ANÁPOLIS;ANÁPOLIS;GO;16° 21' 45'' S;48° 55' 41'' W;1112 m
SBNV;GO0002;AERÓDROMO NACIONAL DE AVIAÇÃO;GOIÂNIA;GO;16° 37' 32'' S;49° 20' 58'' W;833 m
SWOB;AM0014;FONTE BOA;FONTE BOA;AM;2° 32' 1'' S;66° 4' 2'' W;63 m
SWPG;MT0010;PORTO DOS GAÚCHOS;PORTO DOS GAÚCHOS;MT;11° 31' 1'' S;57° 20' 2'' W;400 m
SWPI;AM0006;PARINTINS;PARINTINS;AM;2° 40' 10'' S;56° 46' 16'' W;26 m
SWPK;MT0021;POCONÉ;POCONÉ;MT;16° 16' 18'' S;56° 39' 4'' W;187 m
SWPM;RO0009;PIMENTA BUENO;PIMENTA BUENO;RO;11° 38' 30'' S;61° 10' 52'' W;208 m
SWPR;GO0029;PIRES DO RIO;PIRES DO RIO;GO;17° 19' 9'' S;48° 20' 5'' W;781 m
SWPY;MT0023;PRIMAVERA DO LESTE;PRIMAVERA DO LESTE;MT;15° 33' 56'' S;54° 20' 16'' W;655 m
SWPZ;GO0010;OURIÇANGA DE ABREU;POSSE;GO;14° 7' 5'' S;46° 20' 43'' W;841 m
SWRO;RO0002;AEROCLUBE DE RONDÔNIA;PORTO VELHO;RO;8° 47' 37'' S;63° 51' 29'' W;113 m
SBSI;MT0002;PRESIDENTE JOÃO BATISTA FIGUEIREDO;SINOP;MT;11° 53' 6'' S;55° 35' 10'' W;374 m
SWTO;TO0008;PARAÍSO DO TOCANTINS;PARAÍSO DO TOCANTINS;TO;10° 10' 26'' S;48° 55' 58'' W;353 m
SWTP;AM0022;SANTA ISABEL DO RIO NEGRO;SANTA ISABEL DO RIO NEGRO;AM;0° 25' 1'' S;65° 2' 2'' W;68 m
SWTS;MT0012;TANGARÁ DA SERRA;TANGARÁ DA SERRA;MT;14° 39' 43'' S;57° 26' 38'' W;449 m
SWTY;TO0009;TAGUATINGA;TAGUATINGA;TO;12° 26' 2'' S;46° 24' 2'' W;597 m
SWUA;GO0011;SÃO MIGUEL DO ARAGUAIA;SÃO MIGUEL DO ARAGUAIA;GO;13° 20' 2'' S;50° 12' 21'' W;384 m
SWUD;MG0069;DEPUTADO OSWALDO TOLENTINO;CLÁUDIO;MG;20° 26' 45'' S;44° 48' 47'' W;820 m
SWUZ;GO0025;BRIGADEIRO ARARIPE MACEDO;LUZIÂNIA;GO;16° 15' 42'' S;47° 58' 7'' W;996 m
SWVC;MT0016;VILA RICA;VILA RICA;MT;9° 58' 52'' S;51° 8' 26'' W;254 m
SWWA;GO0012;PORANGATU;PORANGATU;GO;13° 24' 16'' S;49° 9' 26'' W;366 m
SWWU;GO0013;URUAÇU;URUAÇU;GO;14° 32' 41'' S;49° 5' 28'' W;520 m
SWXM;MT0014;REGIONAL ORLANDO VILLAS BOAS;MATUPÁ;MT;10° 10' 12'' S;54° 57' 14'' W;283 m
SWXQ;SP0015;LINS;LINS;SP;21° 39' 46'' S;49° 43' 52'' W;480 m
SWXV;MT0013;XAVANTINA;NOVA XAVANTINA;MT;14° 41' 27'' S;52° 20' 57'' W;316 m
SWYN;AM0023;APUÍ;APUÍ;AM;7° 10' 20'' S;59° 50' 20'' W;60 m
SBJH;SP1176;SÃO PAULO CATARINA AEROPORTO EXECUTIVO;SÃO ROQUE;SP;23° 25' 37'' S;47° 9' 57'' W;777 m
SJXI;MG0311;SANTA RITA DO SAPUCAÍ;SANTA RITA DO SAPUCAÍ;MG;22° 16' 22'' S;45° 38' 24'' W;882 m
SNCP;SC0181;REGIONAL DO PLANALTO SERRANO;CORREIA PINTO;SC;27° 38' 3'' S;50° 21' 30'' W;880 m
SBTC;BA0067;UNA/COMANDATUBA;UNA;BA;15° 21' 12'' S;38° 59' 50'' W;7 m
SDH2;MT0662;PORTO ALEGRE DO NORTE;PORTO ALEGRE DO NORTE;MT;10° 55' 5'' S;51° 36' 32'' W;217 m
SNOF;MG0057;OURO FINO;OURO FINO;MG;22° 17' 51'' S;46° 23' 36'' W;859 m
SDK7;MS0563;NOVA ANDRADINA;NOVA ANDRADINA;MS;22° 9' 45'' S;53° 19' 49'' W;419 m
